Feature,Importance
AdjEM,0.05641817241550094
G,0.047318556392102806
WAB,0.04676054091923284
AdjDE,0.04316683806133837
SEED,0.041850120869038276
FUTURE_ODDS,0.040805583543924044
o_eFGPct,0.04061325587836623
DE,0.03694147529004539
de_TOPct,0.036698916443399225
de_ORPct,0.03444586167862835
